Date,Mood
2025-04-05,Happy
2025-04-05,Sad
2025-04-05,Bored
2025-04-05,Excited
2025-04-05,Excited
2025-04-05,Excited
2025-04-05,Bored
2025-04-05,Excited
2025-04-05,Anxious
2025-04-05,Anxious
2025-04-05,Happy
2025-04-05,Sad
2025-04-05,Bored
2025-04-05,Excited
2025-04-05,Excited
2025-04-05,Excited
2025-04-05,Bored
2025-04-05,Excited
2025-04-05,Anxious
2025-04-05,Anxious
2025-04-05,Happy
2025-04-05,Sad
2025-04-05,Bored
2025-04-05,Excited
2025-04-05,Excited
2025-04-05,Excited
2025-04-05,Bored
2025-04-05,Excited
2025-04-05,Anxious
2025-04-05,Anxious
2025-04-05,Angry
